{
  "name": "M.A.G.I.C C.A.R.P.E.T",
  "description": "For them carrier landings. Please watch the tutorial or read the instructions on the modpage!",
  "dll_file": "MAGICCARPET.dll",
  "last_edit": 637597183995346530,
  "pub_id": "r6e24mwf",
  "json_version": "",
  "version": "1.0.0",
  "tagline": "Makes landing on the carrier easier",
  "repository": "",
  "is_public": true,
  "unlisted": false,
  "preview_image": "preview.png",
  "web_preview_image": "web_preview.png",
  "dependencies": [],
  "mod_dependencies": null,
  "ContentType": 1
}